SN  ,   'died', 'lost', 'People', 'Weiland', 'first', 'PacNet', 'publicist', 'daughter', 'battle', 'Cole', 'cancer', 'NBA', 'King', 'Burke', 'Legendary', 'Stone', 'Jones', 'people', 'John', 'Temple', 'Pilots', 'Wexler', 'won', 'frontman', 'George', 'best', 'Breaking', 'Scott', 'back', 'China', 'work', 'actress', 'star', 'Haskell', 'film', 'lead', 'singer', 'Hollywood', 'com', 'Robert', 'show', 'three', 'Monday', 'short', 'international', 'music', 'Wayne', 'Harlem', 'winner', 'announced', 'Meadowlark' 
All  ,  978, 912, 907, 176, 168, 151, 145, 144, 144, 143, 143, 136, 113, 99, 99, 95, 92, 92, 92, 91, 90, 89, 89, 88, 88, 88, 86, 85, 85, 84, 84, 82, 82, 81, 80, 80, 80, 80, 79, 79, 78, 78, 78, 78, 78, 77, 76, 76, 75, 75, 75 
0 ,  0, 0, 0, 0, 2, 0, 0, 0, 0, 0, 0, 0, 0, 0, 0, 0, 0, 0, 0, 0, 0, 0, 0, 0, 0, 0, 1, 0, 0, 1, 0, 0, 0, 0, 0, 0, 0, 0, 2, 0, 0, 0, 0, 0, 0, 0, 0, 0, 0, 0, 0   , Articles/article-abe-trump-japan-washington-visit.txt
1 ,  14, 13, 13, 2, 2, 0, 2, 2, 2, 2, 2, 2, 1, 0, 1, 1, 0, 1, 1, 1, 1, 1, 1, 1, 1, 1, 1, 1, 1, 0, 1, 1, 1, 1, 1, 1, 1, 1, 1, 1, 1, 1, 1, 1, 1, 1, 1, 1, 1, 1, 1   , Articles/article-activist-grace-lee-boggs-dies.txt
2 ,  14, 13, 13, 2, 2, 0, 2, 2, 2, 2, 2, 2, 1, 0, 1, 1, 0, 1, 1, 1, 1, 1, 1, 1, 1, 2, 1, 1, 1, 0, 1, 1, 1, 1, 1, 1, 1, 1, 1, 1, 1, 1, 1, 1, 1, 1, 1, 1, 1, 1, 1   , Articles/article-actress-amanda-peterson-dead.txt
3 ,  6, 6, 6, 0, 1, 0, 2, 1, 1, 2, 1, 0, 1, 0, 13, 0, 0, 1, 8, 0, 0, 1, 1, 1, 0, 1, 1, 0, 1, 0, 1, 12, 1, 1, 2, 0, 0, 1, 0, 0, 0, 1, 1, 1, 0, 0, 5, 0, 1, 1, 0   , Articles/article-actress-maureen-ohara-obituary.txt
4 ,  0, 0, 0, 0, 0, 0, 0, 0, 0, 0, 0, 0, 0, 0, 0, 0, 7, 0, 0, 0, 0, 0, 0, 0, 0, 0, 0, 0, 0, 0, 0, 0, 0, 0, 0, 0, 0, 0, 0, 0, 0, 0, 0, 0, 0, 0, 0, 0, 0, 1, 0   , Articles/article-airline-profits-2015.txt
5 ,  14, 13, 13, 2, 2, 0, 2, 2, 2, 2, 2, 2, 1, 0, 1, 1, 0, 1, 1, 1, 1, 1, 1, 1, 1, 2, 1, 1, 1, 0, 1, 1, 1, 1, 1, 1, 1, 3, 1, 1, 1, 1, 1, 1, 1, 1, 1, 1, 1, 1, 1   , Articles/article-alex-rocco-godfather-actor-dies-thr-feat.txt
6 ,  14, 13, 13, 2, 2, 0, 2, 2, 2, 2, 2, 2, 1, 0, 1, 1, 0, 1, 1, 1, 1, 1, 1, 1, 1, 1, 1, 1, 1, 0, 1, 1, 1, 1, 1, 1, 1, 1, 1, 1, 1, 1, 2, 1, 1, 1, 1, 1, 1, 1, 1   , Articles/article-allen-toussaint-obit-feat.txt
7 ,  14, 13, 13, 2, 2, 0, 2, 2, 2, 2, 2, 2, 1, 0, 1, 1, 0, 1, 1, 1, 1, 1, 1, 1, 1, 1, 1, 1, 1, 0, 1, 1, 1, 1, 1, 1, 1, 1, 1, 1, 1, 1, 1, 1, 1, 1, 1, 1, 1, 1, 1   , Articles/article-ann-rule-true-crime-author-dies-feat.txt
8 ,  2, 0, 0, 0, 0, 0, 0, 1, 0, 0, 0, 0, 33, 0, 0, 0, 0, 0, 3, 0, 0, 0, 0, 0, 3, 0, 1, 0, 0, 0, 0, 0, 1, 0, 0, 0, 0, 0, 0, 1, 1, 0, 0, 0, 0, 1, 0, 0, 0, 1, 0   , Articles/article-bb-king-dead.txt
9 ,  14, 13, 13, 2, 2, 0, 2, 2, 2, 2, 2, 2, 2, 0, 1, 1, 0, 1, 1, 1, 1, 1, 1, 1, 1, 1, 1, 1, 1, 0, 1, 1, 1, 1, 1, 1, 2, 1, 1, 1, 1, 1, 1, 1, 1, 1, 1, 1, 1, 1, 1   , Articles/article-ben-e-king-singer-obit-feat.txt
10 ,  0, 0, 0, 0, 0, 0, 0, 0, 0, 0, 0, 0, 0, 0, 0, 0, 7, 2, 0, 0, 0, 0, 0, 0, 0, 0, 0, 0, 1, 0, 0, 0, 0, 0, 0, 0, 0, 0, 0, 0, 0, 0, 0, 0, 0, 0, 0, 0, 0, 0, 0   , Articles/article-best-and-worst-airlines-customer-satisfaction.txt
11 ,  14, 13, 13, 2, 2, 0, 2, 2, 2, 2, 2, 2, 1, 0, 1, 1, 0, 1, 1, 1, 1, 1, 1, 1, 1, 1, 1, 1, 1, 0, 1, 1, 1, 1, 1, 1, 1, 1, 1, 1, 1, 1, 1, 1, 1, 1, 1, 1, 1, 1, 1   , Articles/article-betsy-palmer-dies.txt
12 ,  15, 13, 13, 2, 2, 0, 2, 2, 2, 2, 2, 2, 1, 0, 1, 1, 0, 1, 1, 1, 1, 1, 1, 1, 1, 2, 1, 1, 1, 0, 1, 1, 2, 1, 1, 1, 1, 1, 1, 1, 1, 1, 1, 1, 1, 1, 1, 1, 1, 1, 1   , Articles/article-billy-joe-royal-obit-feat.txt
13 ,  13, 13, 13, 2, 2, 0, 2, 2, 2, 2, 2, 2, 1, 0, 1, 2, 0, 1, 1, 1, 1, 1, 1, 1, 1, 1, 1, 1, 1, 0, 1, 1, 1, 1, 1, 1, 1, 1, 1, 1, 1, 1, 1, 1, 1, 1, 1, 1, 1, 1, 1   , Articles/article-bob-johnston-producer-obit-rs-feat.txt
14 ,  1, 0, 0, 0, 0, 0, 0, 6, 0, 0, 0, 0, 0, 0, 0, 0, 0, 0, 0, 0, 0, 0, 0, 0, 0, 0, 1, 0, 0, 0, 0, 0, 0, 0, 0, 0, 0, 0, 0, 0, 0, 0, 0, 0, 0, 0, 0, 0, 0, 0, 0   , Articles/article-bobbi-kristina-brown-dies.txt
15 ,  14, 13, 13, 2, 2, 0, 2, 2, 2, 2, 2, 2, 1, 0, 1, 1, 0, 1, 1, 1, 1, 1, 1, 1, 1, 1, 1, 1, 1, 0, 1, 1, 1, 1, 1, 1, 1, 1, 1, 1, 1, 1, 2, 1, 1, 1, 1, 1, 1, 1, 1   , Articles/article-catherine-coulson-twin-peaks-obit-feat.txt
16 ,  0, 0, 0, 0, 0, 0, 0, 0, 0, 0, 0, 0, 0, 0, 0, 0, 0, 0, 0, 0, 0, 0, 0, 0, 0, 0, 1, 0, 0, 11, 0, 0, 0, 0, 0, 0, 0, 0, 2, 0, 0, 0, 0, 0, 0, 0, 0, 0, 0, 0, 0   , Articles/article-china-sizes-up-donald-trump.txt
17 ,  0, 0, 1, 0, 0, 0, 0, 0, 0, 0, 0, 0, 0, 0, 0, 0, 7, 0, 0, 0, 0, 0, 1, 0, 0, 0, 0, 0, 1, 15, 0, 0, 0, 0, 0, 0, 0, 0, 0, 0, 0, 0, 0, 0, 0, 0, 0, 0, 1, 0, 0   , Articles/article-china-trump-trade-exports.txt
18 ,  0, 0, 0, 0, 1, 0, 0, 0, 0, 0, 0, 0, 0, 0, 0, 0, 7, 1, 0, 0, 0, 0, 0, 0, 0, 0, 0, 0, 0, 6, 0, 0, 0, 0, 0, 0, 0, 0, 0, 0, 0, 0, 0, 0, 2, 0, 0, 0, 1, 0, 0   , Articles/article-china-xi-jinping-world-economic-forum-davos.txt
19 ,  13, 13, 13, 2, 2, 0, 2, 2, 2, 2, 2, 2, 1, 0, 1, 1, 0, 1, 1, 1, 1, 1, 1, 1, 1, 1, 1, 1, 1, 0, 1, 1, 1, 1, 1, 1, 1, 1, 1, 1, 1, 1, 1, 2, 1, 1, 1, 1, 1, 1, 1   , Articles/article-chinx-rapper-death-feat.txt
20 ,  14, 13, 13, 2, 2, 0, 2, 2, 2, 2, 2, 2, 1, 0, 1, 1, 0, 1, 1, 1, 1, 1, 1, 1, 1, 1, 1, 1, 1, 0, 1, 1, 1, 1, 1, 1, 1, 1, 1, 1, 1, 1, 1, 1, 1, 1, 1, 1, 1, 1, 1   , Articles/article-chris-squire-yes-dies-feat.txt
21 ,  1, 0, 0, 0, 2, 0, 0, 0, 0, 0, 0, 0, 0, 0, 15, 0, 0, 0, 0, 0, 0, 0, 0, 0, 0, 0, 1, 0, 0, 0, 0, 1, 0, 0, 4, 1, 0, 0, 0, 1, 0, 0, 0, 0, 0, 0, 0, 0, 0, 0, 0   , Articles/article-christopher-lee-dies.txt
22 ,  14, 13, 13, 2, 2, 0, 3, 2, 2, 2, 2, 2, 1, 0, 1, 2, 0, 1, 1, 1, 1, 1, 1, 1, 1, 1, 1, 1, 1, 0, 1, 1, 1, 1, 1, 1, 1, 1, 1, 1, 1, 1, 2, 1, 1, 1, 1, 1, 1, 1, 1   , Articles/article-cynthia-robinson-sly-family-stone-obit.txt
23 ,  13, 13, 13, 2, 2, 0, 2, 2, 2, 2, 2, 2, 1, 0, 1, 1, 0, 1, 1, 1, 1, 1, 1, 1, 1, 1, 1, 1, 1, 0, 1, 1, 1, 1, 1, 1, 2, 1, 1, 1, 1, 1, 1, 1, 1, 1, 1, 1, 1, 1, 1   , Articles/article-daron-norwood-obit-feat.txt
24 ,  13, 13, 13, 2, 2, 0, 2, 2, 2, 2, 2, 2, 1, 0, 1, 1, 0, 1, 1, 1, 1, 1, 1, 1, 1, 1, 1, 1, 1, 0, 1, 1, 2, 1, 1, 1, 1, 1, 1, 1, 1, 1, 1, 1, 1, 1, 2, 1, 1, 1, 1   , Articles/article-dave-henderson-dies.txt
25 ,  14, 13, 13, 2, 2, 0, 2, 3, 2, 2, 2, 2, 1, 0, 1, 1, 0, 1, 1, 1, 1, 1, 1, 1, 1, 1, 1, 1, 1, 0, 1, 1, 1, 1, 1, 1, 1, 1, 1, 1, 1, 1, 1, 1, 1, 1, 1, 1, 1, 1, 1   , Articles/article-david-canary-dies-all-my-children-feat.txt
26 ,  14, 14, 14, 2, 3, 0, 2, 2, 2, 2, 2, 2, 1, 0, 1, 1, 1, 1, 1, 2, 1, 1, 1, 1, 1, 1, 1, 1, 1, 0, 1, 1, 2, 1, 1, 1, 1, 1, 1, 1, 1, 1, 1, 1, 1, 1, 1, 1, 1, 1, 1   , Articles/article-dickie-moore-child-star-dies.txt
27 ,  0, 0, 0, 0, 0, 0, 0, 0, 0, 0, 0, 0, 0, 0, 0, 0, 0, 1, 0, 0, 0, 0, 0, 0, 0, 1, 0, 0, 1, 0, 0, 0, 0, 0, 0, 0, 0, 0, 0, 0, 2, 0, 0, 0, 0, 0, 0, 0, 0, 0, 0   , Articles/article-donald-trump-alec-baldwin-snl-tweet.txt
28 ,  0, 0, 0, 0, 2, 0, 0, 0, 0, 0, 0, 0, 0, 0, 0, 0, 7, 1, 0, 0, 0, 0, 0, 0, 1, 0, 0, 0, 0, 29, 0, 0, 0, 0, 0, 2, 0, 0, 0, 0, 0, 1, 1, 0, 0, 0, 0, 0, 0, 0, 0   , Articles/article-donald-trump-china-currency.txt
29 ,  0, 0, 0, 0, 0, 0, 0, 0, 0, 0, 0, 0, 0, 0, 0, 0, 0, 0, 0, 0, 0, 0, 0, 0, 0, 0, 1, 0, 0, 0, 0, 0, 0, 0, 0, 0, 0, 0, 2, 0, 0, 0, 0, 0, 0, 0, 0, 0, 0, 0, 0   , Articles/article-donald-trump-russia-sanctions-taiwan.txt
30 ,  14, 13, 13, 2, 2, 0, 2, 2, 2, 2, 2, 2, 1, 0, 1, 1, 0, 1, 1, 1, 1, 1, 1, 1, 1, 1, 1, 1, 1, 0, 1, 2, 1, 1, 1, 1, 1, 1, 1, 1, 1, 1, 1, 1, 1, 1, 1, 1, 1, 1, 1   , Articles/article-feat-elizabeth-wilson-obit.txt
31 ,  14, 13, 13, 2, 2, 0, 2, 1, 2, 2, 2, 2, 1, 0, 1, 1, 0, 1, 1, 1, 1, 1, 1, 1, 1, 1, 1, 1, 1, 0, 3, 1, 1, 1, 1, 1, 1, 1, 1, 1, 0, 1, 2, 1, 1, 1, 1, 1, 1, 1, 1   , Articles/article-feat-james-horner-titantic-plane-crash.txt
32 ,  9, 9, 9, 0, 2, 0, 2, 1, 1, 2, 1, 1, 1, 0, 1, 0, 0, 1, 8, 0, 0, 1, 1, 1, 3, 0, 1, 0, 1, 0, 1, 0, 1, 1, 1, 0, 0, 0, 0, 1, 0, 1, 1, 1, 1, 2, 1, 1, 1, 1, 1   , Articles/article-feat-john-nash-wife-killed.txt
33 ,  14, 13, 13, 2, 2, 0, 2, 2, 2, 2, 2, 2, 1, 0, 1, 1, 0, 1, 1, 1, 1, 1, 1, 1, 1, 1, 1, 1, 1, 0, 1, 2, 1, 1, 1, 1, 1, 3, 1, 2, 1, 1, 1, 1, 1, 1, 1, 1, 2, 1, 1   , Articles/article-feat-mary-ellen-trainor-dead-thr.txt
34 ,  14, 14, 13, 2, 2, 0, 2, 2, 2, 2, 2, 2, 1, 0, 1, 1, 0, 1, 1, 1, 1, 1, 1, 1, 1, 1, 1, 1, 1, 0, 1, 1, 1, 1, 1, 2, 2, 1, 1, 1, 1, 1, 1, 1, 1, 2, 1, 1, 1, 1, 1   , Articles/article-feat-obit-errol-brown-hot-chocolate.txt
35 ,  15, 13, 13, 2, 2, 0, 2, 2, 2, 2, 2, 2, 1, 0, 1, 1, 0, 1, 1, 1, 1, 1, 1, 1, 1, 1, 1, 1, 1, 0, 1, 1, 1, 1, 1, 1, 1, 1, 1, 1, 1, 1, 1, 1, 1, 1, 1, 1, 1, 1, 1   , Articles/article-feat-obit-grace-lee-whitney-star-trek.txt
36 ,  14, 13, 13, 2, 2, 0, 2, 2, 2, 2, 2, 2, 1, 0, 1, 1, 0, 1, 1, 1, 1, 1, 1, 1, 1, 1, 1, 1, 1, 0, 1, 1, 1, 1, 1, 1, 1, 1, 1, 1, 2, 1, 1, 1, 1, 1, 1, 1, 1, 1, 1   , Articles/article-feat-obit-irwin-keyes-dead.txt
37 ,  15, 13, 13, 2, 2, 0, 3, 2, 2, 2, 2, 2, 1, 0, 1, 1, 0, 1, 1, 1, 1, 1, 1, 1, 1, 1, 1, 1, 1, 0, 1, 1, 1, 1, 1, 1, 1, 2, 1, 1, 1, 1, 1, 1, 1, 1, 1, 1, 1, 1, 1   , Articles/article-feat-obit-jerry-weintraub-dies.txt
38 ,  14, 13, 13, 2, 2, 0, 2, 2, 2, 2, 2, 2, 1, 0, 1, 2, 0, 1, 1, 1, 1, 1, 1, 1, 1, 1, 1, 1, 1, 0, 1, 1, 1, 1, 1, 1, 1, 1, 1, 1, 1, 1, 1, 1, 1, 1, 1, 1, 1, 1, 1   , Articles/article-feat-obit-louis-johnson-brothers-johnson-rs.txt
39 ,  14, 13, 13, 2, 2, 0, 2, 2, 2, 2, 2, 2, 1, 0, 1, 1, 0, 1, 1, 1, 1, 1, 1, 1, 1, 1, 1, 1, 1, 0, 2, 1, 1, 1, 1, 1, 1, 1, 1, 1, 1, 1, 1, 1, 1, 1, 1, 1, 1, 1, 1   , Articles/article-feat-ornette-coleman-dead.txt
40 ,  14, 13, 13, 2, 2, 0, 2, 2, 2, 2, 2, 2, 1, 0, 1, 1, 0, 1, 2, 1, 1, 1, 1, 1, 1, 1, 1, 1, 1, 0, 1, 1, 1, 1, 1, 1, 1, 1, 1, 1, 1, 1, 1, 1, 1, 1, 1, 1, 1, 1, 1   , Articles/article-feat-patrick-macnee-dies-obit.txt
41 ,  14, 13, 13, 2, 2, 0, 2, 2, 2, 2, 2, 2, 1, 0, 1, 1, 0, 1, 1, 1, 1, 1, 1, 1, 1, 1, 1, 1, 1, 0, 1, 1, 1, 1, 1, 1, 1, 1, 1, 1, 1, 1, 1, 1, 1, 1, 1, 1, 1, 1, 1   , Articles/article-feat-russian-ballerina-maya-plisetskaya-dies.txt
42 ,  1, 0, 0, 0, 0, 0, 0, 0, 0, 0, 0, 0, 0, 0, 0, 0, 0, 0, 0, 0, 0, 0, 0, 0, 0, 1, 1, 0, 0, 0, 0, 0, 0, 0, 0, 0, 0, 0, 2, 0, 0, 0, 0, 0, 0, 0, 0, 0, 0, 0, 0   , Articles/article-feat-vincent-bugliosi-dead.txt
43 ,  13, 14, 13, 2, 2, 0, 2, 2, 2, 2, 2, 2, 1, 0, 1, 1, 0, 1, 1, 1, 1, 1, 1, 1, 1, 1, 1, 1, 1, 0, 1, 1, 1, 1, 1, 1, 1, 1, 1, 1, 1, 1, 1, 1, 1, 1, 1, 1, 1, 1, 1   , Articles/article-feat-wedding-singer-rapping-granny-dead.txt
44 ,  13, 14, 13, 2, 2, 0, 2, 2, 2, 2, 2, 2, 1, 0, 1, 1, 0, 1, 1, 1, 1, 1, 1, 1, 1, 1, 1, 1, 1, 0, 1, 1, 1, 1, 1, 1, 1, 1, 1, 1, 1, 1, 1, 1, 1, 1, 1, 1, 1, 1, 1   , Articles/article-frank-gifford-dies.txt
45 ,  14, 13, 13, 2, 2, 0, 2, 2, 2, 2, 2, 2, 1, 0, 1, 1, 0, 2, 1, 1, 1, 1, 1, 1, 1, 1, 1, 1, 1, 0, 1, 1, 1, 1, 1, 1, 1, 1, 1, 1, 1, 1, 1, 1, 1, 1, 1, 1, 1, 1, 1   , Articles/article-fred-thompson-dies-tennessee.txt
46 ,  14, 13, 13, 2, 2, 0, 2, 2, 2, 2, 2, 2, 1, 0, 1, 1, 0, 1, 1, 1, 1, 1, 1, 1, 1, 1, 1, 1, 1, 0, 1, 1, 1, 1, 1, 2, 2, 1, 1, 1, 1, 1, 1, 1, 1, 1, 1, 1, 1, 1, 1   , Articles/article-gary-richrath-reo-speedwagon-dies-feat.txt
47 ,  7, 8, 7, 0, 1, 0, 2, 1, 1, 2, 1, 0, 9, 0, 1, 0, 0, 1, 1, 0, 0, 1, 1, 1, 4, 0, 1, 0, 1, 0, 3, 0, 0, 1, 0, 0, 0, 0, 0, 0, 2, 2, 1, 1, 0, 0, 1, 1, 1, 1, 1   , Articles/article-george-barris-custom-cars-batmobile-dies.txt
48 ,  14, 13, 13, 2, 2, 0, 2, 2, 2, 2, 2, 2, 1, 0, 1, 1, 0, 1, 1, 1, 1, 1, 1, 1, 2, 1, 1, 1, 1, 0, 1, 1, 1, 1, 1, 1, 1, 3, 1, 1, 1, 1, 1, 1, 1, 1, 1, 1, 1, 1, 1   , Articles/article-george-coe-obit-feat.txt
49 ,  14, 13, 13, 2, 2, 0, 2, 2, 2, 3, 2, 2, 1, 0, 1, 1, 0, 1, 1, 1, 1, 1, 1, 1, 2, 2, 1, 1, 1, 0, 1, 1, 1, 1, 1, 1, 1, 2, 1, 1, 2, 1, 1, 1, 1, 1, 1, 1, 1, 1, 1   , Articles/article-george-cole-obit-thr-feat.txt
50 ,  14, 13, 13, 2, 2, 0, 2, 2, 2, 2, 2, 2, 1, 0, 1, 1, 0, 1, 1, 1, 1, 1, 1, 1, 1, 1, 1, 1, 1, 0, 1, 1, 1, 1, 1, 1, 1, 1, 1, 1, 1, 1, 1, 1, 1, 1, 1, 1, 1, 1, 1   , Articles/article-gunnar-hansen-texas-chainsaw-massacre-obit-feat.txt
51 ,  14, 13, 13, 2, 2, 0, 2, 2, 2, 2, 2, 2, 1, 0, 1, 1, 0, 1, 1, 1, 1, 1, 1, 1, 1, 1, 1, 1, 1, 0, 1, 1, 1, 1, 1, 1, 1, 1, 1, 1, 1, 1, 1, 1, 1, 1, 1, 1, 1, 1, 1   , Articles/article-happy-days-star-al-molinaro-dies.txt
52 ,  2, 0, 0, 0, 1, 0, 0, 0, 0, 0, 0, 0, 0, 0, 0, 0, 0, 0, 1, 0, 0, 18, 4, 0, 1, 2, 1, 0, 0, 0, 3, 0, 0, 10, 4, 0, 1, 1, 0, 1, 0, 0, 0, 0, 0, 0, 0, 0, 1, 0, 0   , Articles/article-haskell-wexler-dead-feat.txt
53 ,  14, 13, 13, 2, 2, 0, 2, 2, 2, 2, 2, 2, 1, 0, 1, 1, 0, 1, 1, 1, 1, 1, 1, 1, 1, 1, 1, 1, 1, 0, 1, 1, 1, 1, 1, 1, 1, 1, 1, 1, 1, 1, 1, 1, 1, 1, 1, 1, 1, 1, 1   , Articles/article-house-speaker-jim-wright-dies.txt
54 ,  14, 13, 13, 2, 2, 0, 2, 2, 2, 2, 2, 2, 1, 0, 1, 1, 0, 1, 1, 1, 1, 1, 1, 1, 1, 2, 1, 1, 1, 0, 1, 1, 1, 1, 1, 1, 1, 1, 1, 1, 1, 1, 1, 1, 1, 1, 1, 1, 1, 1, 1   , Articles/article-jack-larson-obit-jimmy-olsen-superman-feat.txt
55 ,  14, 13, 13, 2, 3, 0, 3, 2, 2, 2, 3, 2, 1, 0, 1, 1, 0, 2, 1, 1, 1, 1, 1, 1, 1, 1, 1, 1, 1, 0, 1, 1, 1, 1, 1, 1, 1, 1, 1, 1, 1, 1, 1, 1, 1, 1, 1, 1, 1, 1, 1   , Articles/article-jackie-collins-obit.txt
56 ,  1, 1, 0, 0, 1, 0, 0, 0, 0, 0, 0, 0, 0, 0, 0, 0, 0, 0, 0, 0, 0, 0, 1, 0, 0, 1, 1, 0, 0, 0, 0, 0, 3, 0, 0, 0, 0, 0, 0, 0, 0, 0, 0, 1, 2, 0, 0, 0, 0, 0, 0   , Articles/article-jonah-lomu-obit.txt
57 ,  14, 13, 13, 2, 2, 0, 2, 2, 2, 2, 2, 2, 1, 0, 1, 1, 0, 1, 1, 1, 1, 1, 1, 1, 1, 2, 1, 1, 1, 0, 1, 1, 1, 1, 1, 1, 1, 1, 1, 1, 1, 1, 1, 1, 1, 1, 1, 1, 1, 1, 1   , Articles/article-ken-taylor-dies.txt
58 ,  14, 14, 13, 2, 2, 0, 2, 2, 2, 2, 2, 2, 1, 0, 1, 1, 0, 1, 1, 1, 1, 1, 1, 1, 1, 1, 1, 1, 1, 0, 1, 1, 1, 1, 1, 1, 1, 1, 1, 1, 1, 1, 1, 1, 1, 1, 1, 1, 1, 1, 1   , Articles/article-kerry-simon-iron-chef-feat.txt
59 ,  13, 13, 13, 2, 2, 0, 2, 2, 2, 2, 2, 2, 1, 0, 1, 1, 0, 1, 1, 1, 1, 1, 1, 1, 1, 1, 1, 1, 1, 0, 1, 1, 1, 1, 1, 1, 1, 1, 1, 1, 1, 1, 1, 1, 1, 2, 1, 1, 1, 1, 1   , Articles/article-kingsmen-jack-ely-obit-feat.txt
60 ,  14, 13, 13, 2, 2, 0, 2, 2, 2, 2, 2, 2, 1, 0, 1, 1, 0, 1, 1, 1, 1, 1, 1, 1, 1, 1, 1, 1, 1, 0, 1, 1, 1, 1, 1, 1, 1, 1, 1, 1, 1, 1, 1, 1, 2, 2, 1, 1, 1, 1, 1   , Articles/article-kurt-masur-philharmonic-conductor-dies-feat.txt
61 ,  14, 13, 13, 2, 2, 0, 2, 2, 3, 2, 3, 2, 1, 0, 2, 1, 0, 3, 1, 1, 1, 1, 1, 2, 1, 2, 1, 1, 1, 0, 1, 1, 1, 1, 1, 1, 1, 1, 1, 1, 1, 1, 1, 2, 1, 1, 1, 1, 1, 2, 1   , Articles/article-lemmy-motrhead-death.txt
62 ,  14, 14, 13, 2, 2, 0, 2, 2, 2, 2, 2, 2, 1, 0, 1, 1, 0, 1, 1, 1, 1, 1, 1, 1, 1, 1, 1, 1, 1, 0, 1, 1, 1, 1, 1, 1, 1, 1, 1, 1, 1, 1, 1, 1, 1, 1, 1, 1, 1, 1, 1   , Articles/article-lpga-founder-louise-suggs-dies-at-91.txt
63 ,  14, 13, 13, 2, 2, 0, 2, 2, 2, 2, 2, 2, 1, 0, 1, 1, 0, 1, 1, 1, 1, 1, 1, 1, 1, 1, 1, 1, 1, 0, 1, 1, 1, 1, 1, 1, 1, 1, 1, 1, 1, 1, 1, 1, 1, 1, 1, 1, 1, 1, 1   , Articles/article-lynn-anderson-singer-rose-garden-dies-feat.txt
64 ,  14, 13, 13, 2, 2, 0, 2, 2, 2, 2, 2, 2, 1, 0, 1, 1, 0, 1, 1, 1, 1, 1, 1, 1, 1, 1, 1, 1, 1, 0, 1, 1, 1, 1, 1, 1, 1, 2, 1, 1, 1, 1, 1, 1, 1, 1, 1, 1, 1, 1, 1   , Articles/article-marjorie-lord-dies-feat.txt
65 ,  14, 12, 12, 2, 2, 0, 2, 1, 2, 2, 2, 2, 1, 0, 1, 1, 0, 1, 1, 1, 1, 1, 1, 1, 4, 1, 1, 1, 1, 0, 1, 1, 2, 1, 1, 1, 1, 1, 1, 1, 1, 1, 1, 1, 1, 1, 1, 7, 1, 1, 6   , Articles/article-meadowlark-lemon-obit-globetrotters-feat.txt
66 ,  0, 2, 1, 0, 2, 0, 0, 0, 0, 0, 0, 0, 0, 0, 0, 0, 7, 1, 0, 0, 0, 0, 0, 0, 0, 0, 0, 0, 0, 0, 0, 0, 0, 0, 0, 0, 0, 0, 0, 0, 0, 0, 0, 0, 0, 0, 0, 0, 0, 0, 0   , Articles/article-nafta-farming-mexico-us-corn-jobs.txt
67 ,  14, 13, 13, 2, 2, 0, 2, 2, 2, 2, 2, 2, 1, 0, 1, 1, 0, 1, 1, 1, 1, 1, 1, 1, 1, 1, 1, 1, 1, 0, 1, 1, 1, 1, 1, 1, 1, 1, 1, 1, 1, 1, 1, 1, 1, 1, 1, 1, 1, 1, 1   , Articles/article-nathaniel-marston-accident-obit-feat.txt
68 ,  14, 13, 13, 2, 2, 0, 2, 2, 2, 2, 2, 3, 1, 0, 1, 1, 0, 1, 1, 1, 1, 1, 1, 1, 1, 1, 1, 1, 1, 0, 1, 1, 1, 1, 1, 1, 1, 1, 1, 1, 1, 1, 1, 1, 1, 1, 1, 1, 1, 1, 1   , Articles/article-nba-flip-saunders-obit.txt
69 ,  14, 13, 13, 2, 3, 0, 2, 2, 2, 2, 2, 2, 1, 0, 1, 1, 0, 1, 1, 1, 1, 1, 1, 1, 1, 1, 1, 1, 1, 0, 1, 1, 1, 1, 1, 1, 1, 1, 1, 1, 1, 1, 1, 1, 1, 1, 1, 1, 1, 1, 1   , Articles/article-new-york-arnold-scaasi-death.txt
70 ,  14, 13, 13, 2, 2, 0, 2, 2, 2, 2, 2, 2, 1, 0, 1, 1, 0, 1, 1, 1, 1, 1, 1, 1, 1, 1, 1, 1, 1, 0, 1, 1, 1, 1, 1, 1, 2, 1, 1, 1, 1, 1, 2, 1, 1, 1, 1, 1, 1, 1, 1   , Articles/article-obit-joan-sebastian-mexican-singer.txt
71 ,  14, 13, 13, 2, 2, 0, 2, 2, 2, 2, 2, 2, 1, 0, 1, 1, 0, 1, 1, 1, 1, 1, 1, 1, 1, 1, 1, 1, 1, 0, 1, 1, 1, 1, 1, 1, 1, 3, 1, 1, 1, 1, 1, 1, 1, 1, 1, 1, 1, 1, 1   , Articles/article-obit-theodore-bikel-thr-feat.txt
72 ,  14, 13, 13, 2, 3, 0, 2, 2, 2, 2, 2, 2, 1, 0, 1, 1, 0, 1, 1, 1, 1, 1, 1, 1, 1, 1, 1, 1, 1, 0, 1, 1, 1, 1, 1, 1, 1, 1, 1, 1, 1, 1, 1, 1, 1, 1, 1, 1, 1, 1, 1   , Articles/article-obituary-diana-douglas-webster-dies-feat.txt
73 ,  2, 0, 0, 0, 0, 0, 0, 0, 0, 0, 0, 0, 0, 0, 0, 0, 0, 0, 0, 0, 0, 0, 1, 0, 0, 1, 1, 0, 0, 0, 1, 0, 3, 0, 1, 0, 1, 0, 0, 0, 0, 0, 0, 0, 1, 0, 0, 0, 0, 0, 0   , Articles/article-omar-sharif-dies.txt
74 ,  0, 0, 0, 0, 0, 0, 0, 0, 0, 0, 0, 0, 0, 0, 0, 0, 0, 0, 0, 0, 0, 0, 0, 0, 0, 0, 1, 0, 0, 5, 0, 0, 0, 0, 0, 0, 0, 0, 2, 0, 0, 0, 0, 0, 0, 0, 0, 0, 0, 0, 0   , Articles/article-one-china-policy-explainer.txt
75 ,  0, 0, 0, 0, 2, 10, 0, 0, 0, 0, 2, 0, 0, 85, 0, 0, 7, 7, 1, 0, 0, 0, 2, 0, 0, 0, 0, 0, 1, 0, 2, 0, 0, 0, 1, 0, 0, 0, 0, 0, 3, 0, 0, 0, 0, 0, 0, 0, 0, 0, 0   , Articles/article-pacnet-glen-burke.txt
76 ,  0, 0, 0, 0, 3, 66, 0, 0, 0, 0, 0, 0, 0, 14, 0, 0, 7, 0, 0, 0, 0, 0, 2, 0, 0, 0, 0, 0, 5, 0, 0, 0, 0, 0, 0, 0, 0, 0, 0, 0, 0, 2, 0, 1, 2, 0, 0, 0, 0, 0, 0   , Articles/article-pacnet-investigation.txt
77 ,  0, 1, 0, 0, 1, 75, 0, 0, 0, 0, 0, 0, 0, 0, 0, 0, 7, 0, 0, 0, 0, 0, 1, 0, 0, 0, 0, 0, 3, 0, 1, 0, 0, 0, 0, 0, 0, 0, 0, 0, 2, 0, 0, 2, 1, 0, 0, 0, 0, 0, 0   , Articles/article-pacnet-mail-fraud-mafia.txt
78 ,  13, 13, 13, 2, 2, 0, 2, 2, 2, 2, 2, 2, 1, 0, 1, 1, 0, 1, 1, 1, 1, 1, 1, 1, 1, 1, 1, 1, 1, 0, 1, 1, 1, 1, 1, 1, 1, 1, 1, 1, 1, 1, 1, 1, 1, 1, 1, 1, 1, 1, 1   , Articles/article-parini-doctorow-appreciation.txt
79 ,  14, 13, 13, 2, 2, 0, 2, 2, 2, 2, 2, 2, 1, 0, 1, 1, 0, 1, 1, 1, 1, 1, 1, 1, 1, 1, 1, 1, 1, 0, 1, 1, 1, 1, 1, 1, 1, 1, 1, 1, 1, 1, 1, 1, 1, 1, 1, 1, 1, 1, 1   , Articles/article-paul-prudhomme-obit.txt
80 ,  0, 0, 0, 0, 0, 0, 0, 0, 0, 0, 0, 0, 0, 0, 0, 0, 7, 2, 0, 0, 0, 0, 1, 0, 0, 0, 0, 0, 0, 0, 0, 0, 0, 0, 0, 0, 0, 0, 0, 0, 0, 2, 0, 0, 0, 0, 0, 0, 0, 0, 0   , Articles/article-phoenix-arizona-business-trip-tips.txt
81 ,  14, 13, 13, 2, 2, 0, 2, 2, 3, 2, 2, 2, 1, 0, 1, 1, 0, 1, 1, 1, 1, 1, 1, 1, 1, 1, 1, 1, 1, 0, 1, 1, 1, 1, 1, 1, 1, 1, 1, 1, 1, 1, 1, 1, 1, 1, 1, 1, 1, 2, 1   , Articles/article-pumpkinhead-dead-feat.txt
82 ,  0, 0, 0, 0, 1, 0, 0, 0, 0, 0, 0, 0, 0, 0, 0, 0, 0, 0, 0, 0, 0, 0, 0, 0, 0, 0, 1, 0, 0, 9, 0, 0, 0, 0, 0, 0, 0, 0, 2, 0, 0, 0, 0, 0, 0, 0, 0, 0, 0, 0, 0   , Articles/article-putin-xi-trump-china-russia.txt
83 ,  14, 13, 13, 2, 2, 0, 2, 2, 2, 2, 2, 2, 1, 0, 1, 1, 0, 1, 1, 1, 1, 1, 1, 1, 1, 1, 1, 1, 1, 0, 1, 1, 1, 1, 1, 1, 1, 1, 1, 1, 1, 1, 1, 1, 1, 1, 1, 1, 1, 1, 1   , Articles/article-rapper-sean-price-dies-feat.txt
84 ,  14, 13, 13, 2, 2, 0, 2, 2, 2, 2, 2, 2, 1, 0, 1, 1, 0, 1, 1, 1, 1, 1, 1, 1, 1, 1, 1, 1, 1, 0, 1, 1, 1, 1, 1, 1, 1, 1, 1, 1, 1, 1, 1, 1, 1, 1, 1, 1, 1, 1, 1   , Articles/article-reynaldo-rey-dies.txt
85 ,  14, 13, 13, 2, 2, 0, 2, 2, 2, 2, 2, 2, 1, 0, 1, 1, 0, 1, 1, 1, 1, 1, 1, 1, 1, 1, 1, 1, 1, 0, 1, 1, 1, 1, 1, 1, 1, 1, 1, 2, 1, 1, 1, 1, 1, 1, 1, 1, 1, 1, 1   , Articles/article-robert-loggia-obit.txt
86 ,  15, 13, 13, 2, 2, 0, 2, 2, 2, 2, 2, 2, 1, 0, 1, 1, 0, 1, 1, 1, 1, 1, 1, 1, 1, 1, 1, 1, 1, 0, 1, 1, 2, 1, 1, 1, 1, 1, 1, 1, 1, 1, 1, 1, 1, 1, 1, 1, 1, 1, 1   , Articles/article-roger-rees-actor-dies.txt
87 ,  14, 13, 13, 2, 2, 0, 2, 2, 2, 2, 2, 2, 1, 0, 1, 1, 0, 1, 1, 1, 1, 1, 1, 1, 1, 1, 1, 1, 1, 0, 1, 1, 1, 1, 1, 1, 1, 1, 1, 1, 1, 1, 1, 1, 1, 1, 1, 1, 1, 1, 1   , Articles/article-ronnie-gilbert-weavers-feat.txt
88 ,  14, 13, 13, 2, 2, 0, 2, 2, 2, 2, 2, 2, 1, 0, 1, 1, 0, 1, 1, 1, 1, 1, 1, 1, 1, 1, 1, 1, 1, 0, 1, 1, 1, 1, 1, 1, 1, 1, 1, 1, 1, 1, 2, 1, 1, 1, 1, 1, 1, 1, 1   , Articles/article-sam-sarpong-obit-feat.txt
89 ,  2, 0, 0, 21, 2, 0, 0, 0, 1, 0, 0, 0, 0, 0, 0, 12, 0, 0, 0, 11, 11, 0, 1, 8, 0, 2, 1, 9, 0, 0, 0, 0, 0, 0, 0, 2, 2, 0, 0, 1, 0, 0, 0, 0, 0, 1, 0, 0, 0, 0, 0   , Articles/article-scott-weiland-cause-of-death-feat.txt
90 ,  2, 0, 0, 21, 2, 0, 0, 0, 2, 0, 0, 0, 0, 0, 0, 13, 0, 0, 0, 12, 12, 0, 1, 8, 0, 2, 1, 9, 0, 0, 0, 0, 0, 0, 0, 3, 3, 0, 0, 1, 0, 0, 0, 0, 0, 1, 0, 0, 0, 0, 0   , Articles/article-scott-weiland-stone-temple-pilots-death.txt
91 ,  14, 13, 13, 2, 2, 0, 2, 2, 3, 2, 3, 2, 1, 0, 1, 1, 0, 1, 1, 1, 1, 1, 1, 1, 1, 1, 1, 1, 1, 0, 1, 1, 1, 1, 1, 1, 1, 1, 1, 1, 1, 1, 1, 1, 1, 1, 1, 1, 1, 1, 1   , Articles/article-star-trek-obit-bruce-hyde-feat.txt
92 ,  0, 0, 1, 0, 1, 0, 0, 0, 0, 0, 0, 0, 0, 0, 0, 0, 7, 0, 0, 0, 0, 0, 2, 0, 1, 0, 0, 0, 1, 8, 0, 0, 0, 0, 0, 0, 0, 0, 0, 0, 0, 0, 0, 1, 0, 0, 0, 0, 0, 0, 0   , Articles/article-stocks-markets-dow-china.txt
93 ,  14, 13, 13, 2, 2, 0, 2, 2, 2, 2, 2, 2, 1, 0, 1, 1, 0, 1, 1, 1, 1, 1, 1, 1, 1, 1, 1, 1, 1, 0, 1, 1, 1, 1, 1, 2, 1, 1, 1, 1, 1, 1, 1, 1, 1, 1, 1, 1, 1, 1, 1   , Articles/article-three-dog-night-cory-wells-dead-feat.txt
94 ,  14, 13, 13, 2, 2, 0, 2, 2, 2, 2, 2, 2, 1, 0, 1, 1, 0, 1, 1, 1, 1, 1, 1, 1, 1, 1, 1, 1, 1, 0, 1, 1, 1, 1, 1, 1, 1, 1, 1, 1, 1, 1, 1, 1, 1, 1, 1, 1, 1, 1, 1   , Articles/article-tommy-hanson-death-baseball-pitcher.txt
95 ,  0, 0, 0, 0, 1, 0, 0, 0, 0, 0, 0, 0, 0, 0, 0, 0, 7, 0, 1, 0, 0, 0, 1, 0, 0, 1, 0, 0, 0, 0, 0, 0, 0, 0, 0, 2, 0, 0, 0, 1, 0, 0, 0, 0, 0, 0, 0, 0, 0, 0, 0   , Articles/article-trump-trade-representative-nominee-robert-lighthizer.txt
96 ,  0, 0, 0, 0, 1, 0, 0, 0, 0, 0, 0, 0, 0, 0, 0, 0, 7, 2, 0, 0, 0, 0, 0, 0, 0, 1, 0, 0, 1, 0, 1, 0, 0, 0, 0, 0, 0, 0, 0, 0, 0, 1, 0, 0, 0, 0, 0, 0, 0, 0, 0   , Articles/article-womens-tackle-football.txt
97 ,  13, 13, 13, 2, 2, 0, 2, 2, 2, 2, 2, 2, 1, 0, 1, 1, 0, 1, 1, 1, 1, 1, 1, 1, 1, 1, 1, 1, 1, 0, 1, 1, 1, 1, 1, 1, 2, 1, 1, 1, 1, 1, 1, 1, 1, 1, 1, 1, 1, 1, 1   , Articles/article-wrestler-roddy-piper-dies.txt
98 ,  9, 9, 10, 0, 1, 0, 2, 1, 1, 2, 1, 0, 1, 0, 1, 0, 0, 1, 1, 0, 0, 1, 1, 1, 3, 0, 1, 0, 1, 0, 1, 0, 1, 1, 0, 0, 0, 0, 0, 1, 0, 1, 1, 1, 1, 2, 1, 1, 1, 1, 1   , Articles/article-yogi-berra-death.txt
99 ,  0, 0, 1, 0, 0, 0, 0, 0, 0, 0, 0, 0, 0, 0, 0, 0, 0, 0, 0, 0, 0, 0, 0, 0, 0, 1, 1, 0, 0, 0, 0, 0, 0, 0, 0, 0, 0, 0, 0, 2, 0, 0, 0, 0, 0, 0, 0, 0, 0, 0, 0   , Articles/article-yosemite-base-jumpers-dean-potter-graham-hunt-deaths.txt
